user_id,day1_understanding,day1_PANAS_P,day1_PANAS_N,day1_competence,day1_warmth,day1_satisfaction,day1_effectiveness,day1_efficiency,day1_willingness,day2_understanding,day2_PANAS_P,day2_PANAS_N,day2_competence,day2_warmth,day2_satisfaction,day2_effectiveness,day2_efficiency,day2_willingness,day3_understanding,day3_PANAS_P,day3_PANAS_N,day3_competence,day3_warmth,day3_satisfaction,day3_effectiveness,day3_efficiency,day3_willingness,ave_understanding,ave_PANAS_P,ave_PANAS_N,ave_competence,ave_warmth,ave_satisfaction,ave_effectiveness,ave_efficiency,ave_willingness,day1_AI,day1_Human,day1_cos_AI_Human,day1_cos_diary_AI,day1_cos_diary_Human,day2_AI,day2_Human,day2_cos_AI_Human,day2_cos_diary_AI,day2_cos_diary_Human,day3_AI,day3_Human,day3_cos_AI_Human,day3_cos_diary_AI,day3_cos_diary_Human,AI_ave,Human_ave,ave_cos_AI_Human,ave_cos_diary_AI,ave_cos_diary_Human,group,ave_cos_BERT_diary_Human
1041184,3.0,2.75,2.5,3.0,3.333,2.0,3.0,2.0,2.0,3.0,2.75,2.25,3.0,2.667,2.0,3.0,4.0,2.0,3.0,2.5,2.125,2.333,3.0,2.0,3.0,4.0,2.0,3.0,2.667,2.292,2.778,3.0,2.0,3.0,3.333,2.0,52.6,20.0,0.574,0.221,0.246,58.2,23.4,0.497,0.17,0.374,62.6,25.2,0.532,0.19,0.205,57.8,22.867,0.534,0.194,0.275,groupb,0.62
1065632,4.0,2.5,2.0,4.333,5.0,5.0,3.0,4.0,3.0,4.0,1.75,2.5,4.333,5.0,4.0,4.0,5.0,4.0,5.0,2.5,2.25,4.667,5.0,4.0,5.0,4.0,3.0,4.333,2.25,2.25,4.444,5.0,4.333,4.0,4.333,3.333,64.8,51.6,0.428,0.076,0.117,57.6,20.8,0.277,0.139,0.124,60.4,50.2,0.263,0.094,0.408,60.933,40.867,0.323,0.103,0.216,groupa,0.62
106610,3.0,2.75,1.875,3.333,4.0,4.0,3.0,4.0,4.0,4.0,2.0,2.0,3.333,3.667,3.0,3.0,3.0,3.0,3.0,1.625,1.25,3.0,4.0,3.0,3.0,3.0,2.0,3.333,2.125,1.708,3.222,3.889,3.333,3.0,3.333,3.0,50.4,21.8,0.246,0.506,0.266,63.8,19.8,0.273,0.358,0.195,71.8,42.8,0.521,0.127,0.071,62.0,28.133,0.346,0.33,0.177,groupc,0.541
109960,4.0,3.0,1.0,4.667,4.667,5.0,4.0,5.0,5.0,4.0,2.625,1.25,4.0,4.333,4.0,4.0,5.0,5.0,5.0,2.375,1.125,4.667,4.667,5.0,5.0,5.0,5.0,4.333,2.667,1.125,4.445,4.556,4.667,4.333,5.0,5.0,68.6,48.0,0.522,0.215,0.162,60.5,36.25,0.347,0.149,0.281,71.6,47.6,0.298,0.146,0.288,67.357,44.5,0.389,0.17,0.244,groupb,0.728
1103016,4.0,2.0,1.625,4.333,5.0,4.0,4.0,4.0,3.0,5.0,1.625,1.75,5.0,5.0,5.0,5.0,5.0,4.0,4.0,1.625,2.25,4.0,5.0,4.0,4.0,5.0,4.0,4.333,1.75,1.875,4.444,5.0,4.333,4.333,4.667,3.667,47.6,12.8,0.296,0.27,0.163,73.0,16.8,0.183,0.246,0.255,79.8,20.6,0.554,0.331,0.25,66.8,16.733,0.345,0.282,0.223,groupc,0.549
1117797,3.0,2.625,1.125,4.0,4.333,4.0,4.0,4.0,3.0,3.0,2.375,1.125,4.0,4.0,3.0,3.0,4.0,3.0,3.0,1.625,1.0,4.0,4.0,3.0,4.0,4.0,3.0,3.0,2.208,1.083,4.0,4.111,3.333,3.667,4.0,3.0,63.4,16.4,0.26,0.098,0.053,57.4,23.8,0.232,0.089,0.062,56.6,25.6,0.354,0.034,0.098,59.133,21.933,0.282,0.074,0.071,groupb,0.529
1127132,4.0,3.0,1.125,3.667,5.0,3.0,4.0,4.0,4.0,4.0,3.125,1.0,4.0,4.667,4.0,4.0,4.0,4.0,4.0,3.25,1.0,4.0,4.667,4.0,4.0,5.0,3.0,4.0,3.125,1.042,3.889,4.778,3.667,4.0,4.333,3.667,48.2,35.4,0.629,0.326,0.366,58.0,35.0,0.569,0.221,0.341,68.0,24.4,0.681,0.16,0.142,58.067,31.6,0.626,0.236,0.283,groupc,0.678
113407,4.0,1.0,1.0,4.0,4.0,4.0,4.0,4.0,4.0,4.0,1.0,1.0,4.0,4.0,4.0,4.0,4.0,4.0,5.0,2.125,1.0,5.0,5.0,5.0,5.0,5.0,5.0,4.333,1.375,1.0,4.333,4.333,4.333,4.333,4.333,4.333,69.2,82.6,0.371,0.272,0.429,82.4,75.6,0.431,0.223,0.26,68.2,67.0,0.513,0.207,0.267,73.267,75.067,0.438,0.234,0.319,groupc,0.69
114735,4.0,4.25,2.125,4.333,4.333,5.0,4.0,5.0,4.0,5.0,3.0,2.0,4.333,5.0,5.0,5.0,5.0,4.0,5.0,4.125,2.0,5.0,5.0,5.0,4.0,5.0,5.0,4.667,3.792,2.042,4.555,4.778,5.0,4.333,5.0,4.333,74.6,72.0,0.346,0.091,0.093,80.2,61.0,0.404,0.159,0.162,73.0,60.6,0.446,0.102,0.218,75.933,64.533,0.399,0.118,0.158,groupb,0.51
1147884,4.0,4.125,1.875,5.0,5.0,5.0,5.0,5.0,4.0,2.0,2.625,2.125,2.667,4.0,3.0,3.0,3.0,2.0,3.0,2.625,3.25,2.0,3.667,2.0,3.0,1.0,1.0,3.0,3.125,2.417,3.222,4.222,3.333,3.667,3.0,2.333,77.4,62.6,0.546,0.098,0.109,68.4,64.6,0.258,0.199,0.27,62.2,68.2,0.466,0.151,0.232,69.333,65.133,0.423,0.149,0.204,groupb,0.517
115345,5.0,3.625,1.125,4.0,5.0,5.0,5.0,5.0,5.0,4.0,4.125,1.0,5.0,4.333,5.0,5.0,5.0,5.0,5.0,3.0,2.125,4.0,5.0,5.0,5.0,5.0,5.0,4.667,3.583,1.417,4.333,4.778,5.0,5.0,5.0,5.0,50.8,37.8,0.177,0.065,0.238,47.4,35.6,0.331,0.121,0.195,59.4,43.0,0.28,0.237,0.295,52.533,38.8,0.263,0.141,0.243,groupa,0.604
1220629,2.0,3.25,2.0,3.667,4.333,2.0,1.0,2.0,3.0,3.0,2.25,2.75,3.333,4.333,3.0,2.0,3.0,4.0,3.0,2.125,2.875,3.0,4.0,3.0,1.0,3.0,4.0,2.667,2.542,2.542,3.333,4.222,2.667,1.333,2.667,3.667,55.0,26.6,0.364,0.285,0.151,88.8,36.2,0.345,0.19,0.201,74.6,46.8,0.351,0.138,0.142,72.8,36.533,0.353,0.204,0.165,groupc,0.558
1264394,5.0,3.75,2.5,4.0,5.0,5.0,4.0,5.0,5.0,4.0,3.25,2.25,4.333,5.0,4.0,4.0,5.0,5.0,4.0,2.25,2.875,3.0,5.0,4.0,3.0,5.0,4.0,4.333,3.083,2.542,3.778,5.0,4.333,3.667,5.0,4.667,76.2,45.4,0.377,0.244,0.279,72.8,22.8,0.436,0.36,0.333,70.8,24.8,0.442,0.3,0.281,73.267,31.0,0.418,0.301,0.298,groupc,0.627
1335657,4.0,3.0,3.25,4.667,4.333,5.0,4.0,5.0,3.0,4.0,2.125,1.375,4.0,4.667,4.0,4.0,4.0,3.0,1.0,2.75,2.5,1.0,2.0,1.0,1.0,1.0,1.0,3.0,2.625,2.375,3.222,3.667,3.333,3.0,3.333,2.333,67.0,18.6,0.353,0.174,0.173,75.0,27.6,0.431,0.124,0.034,69.4,25.2,0.276,0.169,0.275,70.467,23.8,0.353,0.156,0.161,groupc,0.515
1359285,4.0,2.5,1.375,4.667,3.667,4.0,4.0,5.0,5.0,5.0,2.875,1.25,4.667,4.333,4.0,5.0,5.0,5.0,4.0,2.875,1.25,3.667,3.667,4.0,4.0,5.0,4.0,4.333,2.75,1.292,4.334,3.889,4.0,4.333,5.0,4.667,62.6,22.8,0.493,0.103,0.101,61.125,27.75,0.599,0.183,0.188,65.0,21.6,0.44,0.182,0.188,62.611,24.667,0.511,0.156,0.159,groupc,0.569
1414611,4.0,4.625,1.875,4.0,4.667,4.0,3.0,5.0,3.0,3.0,4.625,2.0,4.0,4.0,3.0,2.0,4.0,3.0,4.0,5.375,1.0,4.0,4.667,4.0,4.0,4.0,4.0,3.667,4.875,1.625,4.0,4.445,3.667,3.0,4.333,3.333,72.8,74.8,0.422,0.221,0.291,77.8,108.6,0.441,0.208,0.391,80.2,98.0,0.499,0.387,0.234,76.933,93.8,0.454,0.272,0.305,groupc,0.594
1452004,5.0,3.625,1.25,5.0,5.0,5.0,5.0,5.0,3.0,4.0,3.0,2.5,4.0,5.0,4.0,4.0,5.0,3.0,5.0,4.25,1.0,4.667,5.0,5.0,5.0,5.0,3.0,4.667,3.625,1.583,4.556,5.0,4.667,4.667,5.0,3.0,69.2,47.8,0.456,0.315,0.087,43.0,29.2,0.467,0.176,0.254,60.6,43.8,0.446,0.101,0.073,57.6,40.267,0.456,0.197,0.138,groupa,0.536
1454035,5.0,3.0,2.875,4.333,5.0,3.0,5.0,2.0,4.0,5.0,3.25,2.25,4.667,4.667,4.0,4.0,2.0,3.0,2.0,2.625,2.875,3.0,5.0,2.0,2.0,3.0,2.0,4.0,2.958,2.667,4.0,4.889,3.0,3.667,2.333,3.0,55.4,37.6,0.402,0.216,0.412,73.2,54.2,0.689,0.319,0.372,63.8,54.4,0.472,0.119,0.327,64.133,48.733,0.521,0.218,0.37,groupc,0.662
1472598,4.0,3.125,1.625,5.0,4.667,5.0,4.0,4.0,5.0,4.0,2.875,1.5,4.0,5.0,4.0,4.0,5.0,4.0,4.0,3.0,1.375,5.0,4.333,5.0,4.0,5.0,5.0,4.0,3.0,1.5,4.667,4.667,4.667,4.0,4.667,4.667,68.8,45.4,0.347,0.045,0.04,63.6,42.4,0.47,0.038,0.096,60.6,43.2,0.339,0.055,0.091,64.333,43.667,0.385,0.046,0.076,groupa,0.665
148287,5.0,4.625,1.0,4.333,5.0,5.0,5.0,5.0,5.0,4.0,3.375,1.125,4.0,5.0,4.0,4.0,5.0,4.0,3.0,3.625,1.375,2.0,5.0,2.0,2.0,3.0,2.0,4.0,3.875,1.167,3.444,5.0,3.667,3.667,4.333,3.667,62.6,26.8,0.743,0.12,0.143,63.2,19.2,0.309,0.05,0.065,65.2,18.8,0.502,0.122,0.207,63.667,21.6,0.518,0.097,0.138,groupc,0.575
1610899,5.0,2.0,1.5,5.0,5.0,5.0,5.0,3.0,5.0,4.0,2.125,1.0,4.667,5.0,4.0,5.0,5.0,4.0,4.0,2.125,1.125,5.0,5.0,4.0,5.0,5.0,4.0,4.333,2.083,1.208,4.889,5.0,4.333,5.0,4.333,4.333,83.2,51.6,0.455,0.311,0.361,79.8,84.6,0.339,0.251,0.398,82.4,89.2,0.405,0.277,0.325,81.8,75.133,0.4,0.28,0.362,groupc,0.671
1641297,5.0,4.625,1.0,5.0,5.0,5.0,5.0,5.0,5.0,5.0,2.375,1.0,4.667,5.0,5.0,5.0,5.0,5.0,5.0,3.0,1.0,5.0,5.0,5.0,5.0,5.0,5.0,5.0,3.333,1.0,4.889,5.0,5.0,5.0,5.0,5.0,71.2,70.6,0.528,0.099,0.163,70.8,44.4,0.344,0.113,0.227,58.8,44.2,0.379,0.068,0.16,66.933,53.067,0.417,0.093,0.184,groupb,0.591
1743130,2.0,2.0,3.0,1.667,3.333,1.0,4.0,4.0,1.0,1.0,1.625,3.375,1.0,3.667,1.0,3.0,4.0,1.0,2.0,1.0,3.0,2.0,3.667,2.0,4.0,5.0,1.0,1.667,1.542,3.125,1.556,3.556,1.333,3.667,4.333,1.0,55.6,19.4,0.492,0.104,0.169,52.2,30.8,0.317,0.133,0.058,49.4,21.8,0.439,0.101,0.063,52.4,24.0,0.416,0.113,0.097,groupa,0.571
1778742,3.0,2.875,1.625,4.333,4.333,4.0,4.0,5.0,4.0,3.0,2.25,1.25,4.0,3.333,4.0,4.0,4.0,3.0,5.0,1.75,3.375,4.0,4.333,5.0,5.0,5.0,5.0,3.667,2.292,2.083,4.111,4.0,4.333,4.333,4.667,4.0,53.2,41.2,0.57,0.043,0.099,49.2,37.2,0.444,0.111,0.128,52.2,39.8,0.289,0.165,0.372,51.533,39.4,0.434,0.106,0.199,groupa,0.593
1822057,5.0,3.125,1.0,5.0,5.0,5.0,4.0,5.0,5.0,5.0,3.125,1.25,4.333,4.667,4.0,4.0,5.0,5.0,5.0,3.5,1.0,4.0,5.0,4.0,4.0,5.0,5.0,5.0,3.25,1.083,4.444,4.889,4.333,4.0,5.0,5.0,56.4,37.2,0.71,0.289,0.257,56.2,55.2,0.585,0.321,0.386,67.0,69.8,0.529,0.24,0.292,59.867,54.067,0.608,0.283,0.312,groupb,0.641
2106307,5.0,3.25,1.375,5.0,5.0,5.0,5.0,5.0,4.0,5.0,3.0,1.0,5.0,5.0,5.0,5.0,5.0,5.0,5.0,3.625,1.0,5.0,5.0,5.0,5.0,5.0,5.0,5.0,3.292,1.125,5.0,5.0,5.0,5.0,5.0,4.667,50.6,36.6,0.468,0.094,0.134,60.8,31.2,0.362,0.118,0.186,52.6,50.2,0.397,0.314,0.254,53.65,38.65,0.409,0.175,0.191,groupa,0.584
2141268,3.0,3.25,2.75,2.667,4.0,3.0,4.0,5.0,2.0,5.0,3.75,2.125,3.333,4.667,4.0,4.0,5.0,4.0,3.0,3.125,2.75,3.0,4.667,3.0,2.0,4.0,3.0,3.667,3.375,2.542,3.0,4.445,3.333,3.333,4.667,3.0,83.8,136.4,0.325,0.18,0.233,65.2,112.6,0.414,0.213,0.238,83.6,97.0,0.292,0.14,0.124,77.533,115.333,0.344,0.178,0.199,groupc,0.623
2268853,4.0,3.5,1.5,4.667,3.667,4.0,5.0,5.0,3.0,5.0,2.875,1.375,3.667,5.0,5.0,3.0,4.0,3.0,4.0,2.125,3.0,4.333,4.333,5.0,5.0,5.0,3.0,4.333,2.833,1.958,4.222,4.333,4.667,4.333,4.667,3.0,55.0,23.2,0.516,0.284,0.132,66.2,35.4,0.526,0.276,0.183,88.0,39.4,0.231,0.333,0.159,69.733,32.667,0.425,0.298,0.158,groupb,0.484
2331402,4.0,2.875,3.875,3.667,4.0,4.0,4.0,4.0,3.0,2.0,3.5,2.75,2.0,3.0,2.0,3.0,2.0,2.0,4.0,3.25,3.125,2.667,3.0,3.0,3.0,3.0,3.0,3.333,3.208,3.25,2.778,3.333,3.0,3.333,3.0,2.667,74.4,30.8,0.268,0.14,0.226,59.8,38.6,0.301,0.138,0.395,67.75,40.25,0.27,0.156,0.394,67.286,36.286,0.279,0.145,0.338,groupb,0.555
2503650,3.0,2.0,2.125,2.0,2.667,1.0,2.0,2.0,1.0,3.0,1.875,2.5,2.0,2.0,1.0,2.0,2.0,1.0,3.0,1.125,2.125,2.333,2.0,1.0,3.0,2.0,1.0,3.0,1.667,2.25,2.111,2.222,1.0,2.333,2.0,1.0,53.6,21.6,0.601,0.083,0.03,62.0,26.4,0.487,0.179,0.073,70.6,33.8,0.296,0.122,0.238,62.067,27.267,0.461,0.128,0.114,groupb,0.617
2511054,4.0,2.0,4.0,5.0,4.0,4.0,4.0,4.0,3.0,5.0,3.125,1.875,5.0,5.0,5.0,4.0,4.0,5.0,4.0,2.25,2.125,3.333,4.333,4.0,3.0,4.0,4.0,4.333,2.458,2.667,4.444,4.444,4.333,3.667,4.0,4.0,61.2,48.0,0.451,0.266,0.271,87.6,46.8,0.494,0.148,0.194,62.6,45.0,0.25,0.169,0.19,70.467,46.6,0.398,0.194,0.218,groupb,0.582
2511924,4.0,3.0,1.0,4.0,5.0,5.0,5.0,5.0,5.0,4.0,3.875,1.0,2.0,5.0,4.0,2.0,4.0,4.0,2.0,2.75,1.875,2.0,4.333,2.0,2.0,2.0,2.0,3.333,3.208,1.292,2.667,4.778,3.667,3.0,3.667,3.667,60.0,44.0,0.394,0.218,0.265,74.2,51.0,0.443,0.196,0.166,63.4,44.6,0.539,0.102,0.14,65.867,46.533,0.459,0.172,0.19,groupb,0.554
2579314,4.0,3.625,1.75,4.0,4.667,4.0,3.0,4.0,3.0,4.0,3.25,1.75,3.333,4.667,3.0,4.0,4.0,3.0,4.0,3.625,1.5,3.667,4.667,5.0,3.0,4.0,3.0,4.0,3.5,1.667,3.667,4.667,4.0,3.333,4.0,3.0,73.4,94.0,0.272,0.289,0.329,67.6,35.2,0.51,0.161,0.195,77.4,33.2,0.334,0.204,0.109,72.8,54.133,0.372,0.218,0.211,groupc,0.566
2600289,4.0,2.125,1.125,3.667,5.0,3.0,3.0,4.0,2.0,4.0,1.625,1.125,4.0,5.0,3.0,4.0,4.0,3.0,5.0,2.25,1.625,5.0,5.0,5.0,5.0,5.0,5.0,4.333,2.0,1.292,4.222,5.0,3.667,4.0,4.333,3.333,43.0,29.2,0.524,0.214,0.264,58.8,20.6,0.501,0.17,0.279,67.6,23.4,0.286,0.129,0.232,56.467,24.4,0.437,0.171,0.258,groupa,0.648
2658832,2.0,2.0,2.875,2.0,4.0,2.0,2.0,2.0,1.0,4.0,2.0,2.625,2.0,4.0,2.0,2.0,2.0,1.0,4.0,2.25,3.625,4.0,4.667,4.0,4.0,4.0,4.0,3.333,2.083,3.042,2.667,4.222,2.667,2.667,2.667,2.0,59.2,12.2,0.191,0.387,0.184,73.4,10.0,0.203,0.174,0.146,73.0,12.0,0.199,0.306,0.04,68.533,11.4,0.198,0.289,0.123,groupb,0.496
2810580,5.0,3.25,1.0,4.667,5.0,5.0,5.0,5.0,5.0,5.0,4.625,1.0,5.0,5.0,5.0,5.0,5.0,5.0,5.0,5.125,1.125,4.667,4.667,5.0,4.0,5.0,5.0,5.0,4.333,1.042,4.778,4.889,5.0,4.667,5.0,5.0,53.2,32.0,0.481,0.034,0.184,68.6,34.8,0.41,0.016,0.154,57.6,34.6,0.256,0.097,0.199,59.8,33.8,0.382,0.049,0.179,groupa,0.548
2848289,4.0,3.0,1.0,5.0,5.0,4.0,5.0,4.0,5.0,5.0,2.0,1.375,4.667,5.0,5.0,5.0,5.0,5.0,2.0,2.125,1.125,3.667,4.0,2.0,3.0,2.0,1.0,3.667,2.375,1.167,4.445,4.667,3.667,4.333,3.667,3.667,56.25,45.0,0.537,0.118,0.05,57.8,26.4,0.346,0.241,0.338,55.0,27.0,0.604,0.105,0.11,56.357,31.929,0.496,0.154,0.166,groupb,0.618
2884266,5.0,4.5,1.625,5.0,4.333,5.0,4.0,5.0,4.0,5.0,4.125,1.25,4.667,5.0,5.0,4.0,4.0,4.0,4.0,4.625,1.25,4.333,5.0,4.0,3.0,5.0,5.0,4.667,4.417,1.375,4.667,4.778,4.667,3.667,4.667,4.333,57.0,58.4,0.538,0.197,0.175,70.0,57.6,0.426,0.115,0.249,81.2,80.6,0.492,0.18,0.158,69.4,65.533,0.485,0.164,0.194,groupb,0.662
2933157,4.0,3.25,1.875,3.333,3.667,5.0,2.0,5.0,5.0,2.0,2.5,1.5,4.0,3.0,2.0,2.0,2.0,3.0,4.0,2.0,1.875,4.333,3.667,5.0,2.0,4.0,4.0,3.333,2.583,1.75,3.889,3.445,4.0,2.0,3.667,4.0,56.8,51.0,0.274,0.222,0.133,68.8,39.6,0.435,0.136,0.236,68.4,36.6,0.224,0.126,0.368,64.667,42.4,0.311,0.162,0.246,groupb,0.594
2977582,4.0,2.875,4.125,4.0,3.667,4.0,5.0,5.0,4.0,4.0,2.875,3.0,4.0,4.0,4.0,4.0,4.0,3.0,4.0,2.875,3.875,4.0,4.0,4.0,4.0,4.0,3.0,4.0,2.875,3.667,4.0,3.889,4.0,4.333,4.333,3.333,38.6,23.4,0.454,0.191,0.081,49.8,21.8,0.435,0.127,0.13,58.0,19.2,0.357,0.037,0.081,48.8,21.467,0.415,0.118,0.097,groupa,0.556
3045407,4.0,1.0,6.0,4.0,4.667,3.0,4.0,5.0,5.0,4.0,1.0,6.0,3.667,4.333,4.0,2.0,5.0,4.0,4.0,1.0,6.0,3.667,5.0,4.0,4.0,5.0,4.0,4.0,1.0,6.0,3.778,4.667,3.667,3.333,5.0,4.333,75.6,15.4,0.094,0.131,0.066,74.6,13.0,0.321,0.115,0.0,72.4,16.6,0.19,0.111,0.112,74.2,15.0,0.202,0.119,0.059,groupb,0.505
3153377,4.0,2.75,1.625,5.0,5.0,4.0,4.0,4.0,5.0,4.0,2.75,1.625,4.0,4.667,3.0,3.0,4.0,3.0,4.0,2.125,1.875,5.0,4.667,4.0,4.0,4.0,4.0,4.0,2.542,1.708,4.667,4.778,3.667,3.667,4.0,4.0,52.8,37.2,0.526,0.261,0.233,74.8,30.6,0.479,0.353,0.353,71.25,34.5,0.364,0.137,0.314,65.929,34.071,0.456,0.25,0.3,groupc,0.688
3158965,4.0,2.25,2.25,2.0,4.0,2.0,3.0,3.0,2.0,5.0,2.125,1.875,4.0,5.0,5.0,5.0,5.0,5.0,2.0,1.875,2.25,2.333,4.0,2.0,2.0,3.0,2.0,3.667,2.083,2.125,2.778,4.333,3.0,3.333,3.667,3.0,54.3,22.1,0.424,0.327,0.235,70.571,41.143,0.548,0.396,0.4,70.0,68.25,0.401,0.181,0.378,62.714,37.238,0.458,0.301,0.338,groupc,0.678
3266322,5.0,3.375,1.375,5.0,5.0,5.0,5.0,5.0,5.0,5.0,2.75,1.125,4.667,5.0,4.0,5.0,5.0,4.0,3.0,3.625,1.0,3.0,4.0,3.0,3.0,3.0,2.0,4.333,3.25,1.167,4.222,4.667,4.0,4.333,4.333,3.667,59.4,39.4,0.351,0.049,0.0,70.2,30.6,0.514,0.066,0.013,82.6,53.6,0.564,0.14,0.166,70.733,41.2,0.476,0.085,0.059,groupb,0.55
3312891,5.0,4.625,1.0,5.0,5.0,5.0,4.0,5.0,5.0,4.0,4.5,1.0,4.0,4.333,4.0,4.0,4.0,4.0,5.0,4.75,1.0,5.0,5.0,5.0,5.0,5.0,5.0,4.667,4.625,1.0,4.667,4.778,4.667,4.333,4.667,4.667,79.8,79.2,0.505,0.103,0.307,72.0,69.6,0.684,0.124,0.215,79.4,76.6,0.592,0.227,0.361,77.067,75.133,0.594,0.151,0.294,groupc,0.564
3327831,2.0,2.5,2.625,2.0,3.667,2.0,2.0,3.0,2.0,1.0,2.25,1.875,1.667,3.667,2.0,1.0,3.0,2.0,2.0,2.375,1.875,1.333,3.333,1.0,2.0,3.0,2.0,1.667,2.375,2.125,1.667,3.556,1.667,1.667,3.0,2.0,45.4,39.0,0.473,0.219,0.109,70.4,41.2,0.446,0.165,0.213,66.0,25.2,0.543,0.232,0.144,60.6,35.133,0.487,0.205,0.155,groupb,0.67
3536109,4.0,2.875,2.25,4.0,5.0,4.0,4.0,5.0,3.0,4.0,3.375,2.0,4.0,4.0,4.0,4.0,4.0,3.0,4.0,2.5,2.0,3.667,4.0,4.0,4.0,4.0,3.0,4.0,2.917,2.083,3.889,4.333,4.0,4.0,4.333,3.0,43.6,29.8,0.503,0.175,0.106,69.8,40.2,0.351,0.166,0.095,81.2,31.6,0.333,0.177,0.195,64.867,33.867,0.396,0.172,0.132,groupc,0.484
3551128,4.0,2.875,1.125,4.0,5.0,5.0,4.0,5.0,5.0,5.0,3.375,2.125,4.333,5.0,5.0,5.0,5.0,5.0,3.0,3.0,1.75,2.333,5.0,2.0,2.0,5.0,3.0,4.0,3.083,1.667,3.555,5.0,4.0,3.667,5.0,4.333,52.8,45.0,0.541,0.11,0.23,78.0,31.8,0.393,0.18,0.125,64.0,47.6,0.539,0.062,0.151,64.933,41.467,0.491,0.118,0.169,groupb,0.509
3564821,3.0,2.875,2.25,4.0,3.333,4.0,3.0,5.0,4.0,3.0,3.125,2.0,3.667,3.667,4.0,5.0,4.0,4.0,4.0,2.875,1.75,3.667,3.667,4.0,4.0,5.0,3.0,3.333,2.958,2.0,3.778,3.556,4.0,4.0,4.667,3.667,46.6,21.0,0.701,0.224,0.266,86.8,19.2,0.397,0.107,0.089,66.0,17.8,0.469,0.244,0.342,66.467,19.333,0.522,0.192,0.232,groupb,0.496
3602839,5.0,3.5,1.625,4.0,5.0,4.0,5.0,4.0,4.0,4.0,3.5,1.5,4.0,5.0,4.0,3.0,4.0,4.0,4.0,2.625,2.125,4.333,5.0,4.0,4.0,4.0,4.0,4.333,3.208,1.75,4.111,5.0,4.0,4.0,4.0,4.0,57.4,25.4,0.515,0.15,0.074,77.0,31.4,0.569,0.165,0.126,68.8,35.6,0.628,0.132,0.159,67.733,30.8,0.571,0.149,0.119,groupc,0.534
367640,5.0,2.5,2.125,5.0,4.667,5.0,5.0,3.0,3.0,4.0,3.5,1.125,4.667,5.0,5.0,4.0,3.0,4.0,5.0,1.0,3.75,5.0,4.667,5.0,5.0,5.0,4.0,4.667,2.333,2.333,4.889,4.778,5.0,4.667,3.667,3.667,112.4,180.0,0.512,0.154,0.182,87.0,120.2,0.234,0.155,0.151,86.4,123.0,0.292,0.15,0.223,95.267,141.067,0.346,0.153,0.185,groupc,0.608
3836202,3.0,2.25,2.375,5.0,3.667,4.0,4.0,5.0,3.0,2.0,1.125,1.25,2.667,2.333,2.0,2.0,2.0,1.0,4.0,2.75,1.0,3.667,3.667,3.0,2.0,3.0,3.0,3.0,2.042,1.542,3.778,3.222,3.0,2.667,3.333,2.333,42.6,23.6,0.499,0.239,0.406,69.0,35.2,0.434,0.188,0.216,55.0,37.8,0.47,0.177,0.293,55.533,32.2,0.468,0.201,0.305,groupb,0.73
3954203,3.0,3.125,3.625,1.667,4.667,2.0,1.0,4.0,2.0,5.0,2.5,2.625,4.667,4.667,5.0,4.0,5.0,4.0,5.0,3.5,2.375,4.667,5.0,5.0,5.0,5.0,4.0,4.333,3.042,2.875,3.667,4.778,4.0,3.333,4.667,3.333,64.2,29.2,0.653,0.187,0.146,85.6,51.6,0.522,0.253,0.287,76.8,62.2,0.596,0.182,0.347,75.533,47.667,0.59,0.207,0.26,groupc,0.602
3982463,4.0,3.5,3.0,3.667,4.333,4.0,4.0,3.0,4.0,4.0,3.75,2.75,4.0,4.0,4.0,4.0,4.0,4.0,4.0,3.625,2.625,4.0,4.0,4.0,4.0,4.0,4.0,4.0,3.625,2.792,3.889,4.111,4.0,4.0,3.667,4.0,53.2,47.2,0.563,0.467,0.474,66.833,44.667,0.496,0.311,0.389,78.4,54.8,0.502,0.163,0.282,66.188,48.625,0.52,0.314,0.381,groupb,0.717
3985102,4.0,1.75,1.375,4.0,4.333,4.0,2.0,4.0,5.0,5.0,3.875,1.0,5.0,5.0,5.0,5.0,5.0,5.0,5.0,4.125,1.0,5.0,5.0,5.0,5.0,5.0,5.0,4.667,3.25,1.125,4.667,4.778,4.667,4.0,4.667,5.0,55.0,61.2,0.44,0.036,0.086,67.6,52.0,0.426,0.174,0.099,61.6,37.4,0.488,0.154,0.176,61.4,50.2,0.452,0.121,0.12,groupb,0.575
3989245,4.0,3.625,2.375,2.667,4.0,2.0,3.0,4.0,3.0,2.0,3.375,3.0,2.0,4.0,2.0,2.0,4.0,3.0,2.0,3.125,2.5,2.0,3.667,2.0,2.0,4.0,2.0,2.667,3.375,2.625,2.222,3.889,2.0,2.333,4.0,2.667,49.6,50.2,0.546,0.114,0.17,78.8,59.4,0.475,0.189,0.281,57.2,27.3,0.567,0.292,0.305,60.7,41.05,0.529,0.198,0.252,groupb,0.58
4002112,5.0,4.375,1.5,5.0,4.667,5.0,5.0,5.0,5.0,5.0,3.75,1.875,4.333,5.0,5.0,5.0,5.0,5.0,4.0,3.5,1.625,4.0,4.667,5.0,5.0,5.0,5.0,4.667,3.875,1.667,4.444,4.778,5.0,5.0,5.0,5.0,90.4,48.0,0.487,0.22,0.241,78.429,54.714,0.361,0.149,0.243,79.0,46.6,0.464,0.185,0.249,82.118,50.353,0.437,0.185,0.244,groupc,0.621
4006340,5.0,4.5,1.25,5.0,5.0,4.0,5.0,4.0,4.0,5.0,3.125,1.125,5.0,5.0,4.0,5.0,5.0,4.0,5.0,3.375,1.25,5.0,5.0,5.0,5.0,5.0,5.0,5.0,3.667,1.208,5.0,5.0,4.333,5.0,4.667,4.333,36.833,23.0,0.401,0.073,0.138,58.4,33.6,0.597,0.093,0.238,57.8,19.0,0.401,0.123,0.18,50.125,25.062,0.467,0.096,0.185,groupa,0.601
4008717,5.0,1.625,2.375,4.667,5.0,5.0,5.0,5.0,5.0,5.0,2.375,1.0,4.667,5.0,5.0,5.0,5.0,5.0,5.0,3.25,1.0,5.0,5.0,5.0,5.0,5.0,5.0,5.0,2.417,1.458,4.778,5.0,5.0,5.0,5.0,5.0,58.0,40.0,0.343,0.075,0.197,71.2,63.4,0.267,0.075,0.2,72.6,58.0,0.554,0.086,0.066,67.267,53.8,0.388,0.078,0.154,groupa,0.523
4011894,5.0,3.25,1.0,4.0,4.333,5.0,5.0,5.0,5.0,5.0,3.375,1.0,4.0,4.667,5.0,5.0,5.0,5.0,4.0,3.375,1.125,5.0,5.0,5.0,5.0,5.0,5.0,4.667,3.333,1.042,4.333,4.667,5.0,5.0,5.0,5.0,39.2,20.0,0.537,0.078,0.076,72.2,34.8,0.481,0.051,0.063,64.6,33.0,0.29,0.183,0.231,58.667,29.267,0.436,0.104,0.124,groupa,0.625
4150657,3.0,4.25,1.375,3.333,4.667,2.0,5.0,4.0,4.0,4.0,2.625,2.125,4.0,5.0,4.0,5.0,4.0,4.0,4.0,2.375,1.5,4.0,5.0,4.0,4.0,3.0,4.0,3.667,3.083,1.667,3.778,4.889,3.333,4.667,3.667,4.0,41.0,19.0,0.578,0.076,0.0,50.6,20.4,0.549,0.102,0.105,68.8,21.2,0.448,0.228,0.149,53.467,20.2,0.525,0.135,0.085,groupa,0.498
4173223,4.0,3.375,1.0,3.0,4.667,5.0,5.0,5.0,5.0,4.0,2.875,1.0,4.667,5.0,5.0,5.0,5.0,5.0,4.0,3.125,1.0,4.0,5.0,5.0,5.0,4.0,5.0,4.0,3.125,1.0,3.889,4.889,5.0,5.0,4.667,5.0,46.6,26.8,0.363,0.046,0.061,59.2,24.4,0.517,0.168,0.092,75.4,31.4,0.544,0.054,0.074,60.4,27.533,0.475,0.09,0.076,groupa,0.481
4175095,5.0,3.75,1.5,4.0,4.667,4.0,4.0,5.0,4.0,3.0,3.75,2.25,3.667,3.0,3.0,4.0,2.0,2.0,2.0,2.625,2.375,2.0,3.0,2.0,3.0,1.0,1.0,3.333,3.375,2.042,3.222,3.556,3.0,3.667,2.667,2.333,62.2,51.6,0.35,0.056,0.096,69.0,60.2,0.401,0.138,0.27,73.2,44.8,0.282,0.187,0.204,68.133,52.2,0.345,0.127,0.19,groupb,0.61
4213579,2.0,2.0,3.75,4.0,4.0,4.0,3.0,5.0,4.0,4.0,2.25,3.375,4.667,4.333,4.0,4.0,5.0,4.0,3.0,1.75,3.75,4.0,3.667,5.0,4.0,5.0,4.0,3.0,2.0,3.625,4.222,4.0,4.333,3.667,5.0,4.0,39.8,29.4,0.488,0.1,0.108,48.4,28.8,0.554,0.214,0.257,48.8,33.6,0.334,0.064,0.245,45.667,30.6,0.459,0.126,0.203,groupa,0.642
4340461,4.0,3.75,1.375,3.0,4.667,4.0,3.0,4.0,4.0,5.0,2.875,2.375,4.667,4.667,4.0,5.0,5.0,4.0,3.0,3.75,2.25,3.333,4.0,4.0,3.0,4.0,4.0,4.0,3.458,2.0,3.667,4.445,4.0,3.667,4.333,4.0,63.2,19.6,0.484,0.306,0.155,96.0,17.2,0.591,0.129,0.077,76.6,17.6,0.564,0.104,0.015,78.6,18.133,0.546,0.18,0.083,groupc,0.517
4362605,4.0,3.5,1.625,3.0,5.0,4.0,2.0,4.0,4.0,4.0,3.5,2.375,5.0,4.667,5.0,4.0,5.0,5.0,5.0,4.875,1.5,5.0,4.667,5.0,5.0,5.0,4.0,4.333,3.958,1.833,4.333,4.778,4.667,3.667,4.667,4.333,53.6,57.4,0.492,0.186,0.207,86.6,52.6,0.272,0.176,0.218,87.8,74.4,0.387,0.092,0.216,76.0,61.467,0.384,0.151,0.214,groupb,0.543
4409144,5.0,2.5,3.375,4.0,5.0,4.0,4.0,4.0,4.0,5.0,2.125,3.875,5.0,4.667,5.0,4.0,4.0,4.0,5.0,3.0,2.5,4.333,5.0,5.0,5.0,5.0,4.0,5.0,2.542,3.25,4.444,4.889,4.667,4.333,4.333,4.0,67.0,46.4,0.454,0.197,0.186,70.2,37.0,0.433,0.227,0.332,67.2,51.8,0.286,0.176,0.232,68.133,45.067,0.391,0.2,0.25,groupa,0.595
4495877,4.0,1.5,1.0,4.0,4.667,4.0,4.0,4.0,3.0,3.0,1.875,1.0,3.333,4.0,3.0,3.0,4.0,2.0,4.0,2.25,1.0,3.667,5.0,4.0,4.0,4.0,3.0,3.667,1.875,1.0,3.667,4.556,3.667,3.667,4.0,2.667,54.2,39.4,0.603,0.196,0.257,70.0,42.4,0.588,0.331,0.281,57.6,34.0,0.49,0.113,0.185,60.6,38.6,0.56,0.213,0.241,groupb,0.611
4548801,4.0,2.875,2.0,4.0,4.0,3.0,4.0,4.0,3.0,3.0,1.375,1.0,4.333,4.0,3.0,4.0,4.0,2.0,2.0,1.125,1.375,2.0,3.333,2.0,2.0,4.0,2.0,3.0,1.792,1.458,3.444,3.778,2.667,3.333,4.0,2.333,82.2,35.8,0.46,0.27,0.304,74.2,19.4,0.443,0.219,0.17,68.6,22.8,0.667,0.23,0.339,75.0,26.0,0.523,0.24,0.271,groupc,0.54
4550563,2.0,3.0,2.375,1.667,4.333,2.0,4.0,2.0,2.0,5.0,3.625,1.875,5.0,4.333,5.0,2.0,5.0,4.0,4.0,3.375,1.875,4.333,5.0,5.0,4.0,5.0,4.0,3.667,3.333,2.042,3.667,4.555,4.0,3.333,4.0,3.333,56.429,27.714,0.438,0.073,0.2,69.6,33.4,0.576,0.131,0.037,70.8,32.8,0.73,0.11,0.032,64.529,30.882,0.581,0.105,0.089,groupb,0.576
4551146,5.0,3.125,4.625,4.333,5.0,4.0,5.0,5.0,4.0,5.0,4.0,2.25,4.667,5.0,4.0,5.0,4.0,4.0,4.0,4.625,2.625,4.667,4.667,5.0,4.0,5.0,5.0,4.667,3.917,3.167,4.556,4.889,4.333,4.667,4.667,4.333,40.2,29.6,0.261,0.073,0.179,49.4,36.6,0.288,0.194,0.34,49.2,42.2,0.423,0.211,0.326,46.267,36.133,0.324,0.159,0.281,groupa,0.716
4556406,4.0,2.25,1.625,4.333,5.0,5.0,5.0,4.0,4.0,3.0,1.875,2.0,3.667,4.667,3.0,1.0,3.0,3.0,3.0,2.25,1.125,4.0,5.0,4.0,3.0,5.0,4.0,3.333,2.125,1.583,4.0,4.889,4.0,3.0,4.0,3.667,60.9,21.6,0.587,0.411,0.278,69.8,20.4,0.276,0.202,0.185,67.6,30.4,0.61,0.227,0.243,64.8,23.5,0.491,0.28,0.235,groupc,0.613
4562747,4.0,1.625,2.5,2.0,4.333,2.0,3.0,1.0,1.0,4.0,2.0,4.5,2.667,4.333,1.0,4.0,4.0,1.0,4.0,1.5,1.125,3.333,5.0,2.0,4.0,1.0,1.0,4.0,1.708,2.708,2.667,4.555,1.667,3.667,2.0,1.0,58.0,36.0,0.429,0.274,0.329,69.333,17.778,0.289,0.333,0.351,60.4,30.8,0.782,0.434,0.38,64.0,26.0,0.5,0.347,0.353,groupc,0.722
4587175,3.0,4.0,5.125,4.333,5.0,3.0,5.0,3.0,5.0,5.0,3.0,3.0,5.0,5.0,5.0,5.0,5.0,5.0,3.0,2.5,5.0,3.667,5.0,5.0,3.0,5.0,5.0,3.667,3.167,4.375,4.333,5.0,4.333,4.333,4.333,5.0,78.6,35.6,0.405,0.335,0.183,76.0,39.4,0.573,0.343,0.269,87.8,96.4,0.611,0.442,0.372,80.8,57.133,0.53,0.373,0.275,groupc,0.66
4651532,2.0,1.0,1.75,1.667,4.0,1.0,3.0,2.0,1.0,2.0,1.25,1.25,3.333,4.0,2.0,3.0,3.0,1.0,1.0,1.0,1.375,2.0,4.333,1.0,3.0,2.0,1.0,1.667,1.083,1.458,2.333,4.111,1.333,3.0,2.333,1.0,62.6,13.2,0.342,0.4,0.073,71.4,24.6,0.172,0.335,0.175,69.0,15.25,0.27,0.198,0.147,67.571,17.857,0.261,0.311,0.132,groupc,0.55
4658590,4.0,3.125,2.0,5.0,4.667,4.0,4.0,4.0,4.0,4.0,2.875,2.125,3.333,5.0,4.0,5.0,4.0,4.0,5.0,4.125,2.5,5.0,4.333,5.0,5.0,5.0,4.0,4.333,3.375,2.208,4.444,4.667,4.333,4.667,4.333,4.0,78.2,35.4,0.432,0.249,0.144,71.2,35.8,0.417,0.276,0.224,77.8,39.0,0.554,0.131,0.163,75.733,36.733,0.468,0.218,0.177,groupc,0.536
4680788,3.0,2.25,1.25,2.0,4.0,3.0,3.0,4.0,2.0,4.0,2.125,1.0,4.0,5.0,5.0,5.0,5.0,5.0,4.0,2.875,1.0,4.0,4.667,5.0,5.0,5.0,5.0,3.667,2.417,1.083,3.333,4.556,4.333,4.333,4.667,4.0,57.6,17.6,0.775,0.071,0.057,63.4,27.2,0.749,0.059,0.052,65.4,35.0,0.553,0.183,0.138,62.133,26.6,0.692,0.104,0.082,groupb,0.459
4733003,4.0,3.875,2.0,4.0,4.0,4.0,4.0,4.0,4.0,4.0,3.75,1.0,3.333,4.0,4.0,3.0,4.0,4.0,4.0,3.625,1.0,4.0,4.0,4.0,4.0,4.0,4.0,4.0,3.75,1.333,3.778,4.0,4.0,3.667,4.0,4.0,77.8,23.8,0.384,0.205,0.143,84.4,29.2,0.243,0.282,0.152,90.4,25.4,0.408,0.133,0.133,84.2,26.133,0.345,0.206,0.142,groupc,0.504
4758400,4.0,3.25,1.625,4.667,5.0,5.0,4.0,5.0,4.0,4.0,3.75,1.5,4.0,5.0,4.0,4.0,5.0,4.0,4.0,2.375,1.5,4.0,4.667,4.0,4.0,5.0,4.0,4.0,3.125,1.542,4.222,4.889,4.333,4.0,5.0,4.0,39.0,28.0,0.598,0.294,0.302,62.6,34.0,0.385,0.165,0.256,42.4,25.4,0.365,0.204,0.218,48.0,29.133,0.45,0.221,0.259,groupa,0.683
4802537,4.0,4.0,2.0,4.0,5.0,4.0,4.0,4.0,5.0,5.0,3.625,1.625,4.333,5.0,4.0,4.0,5.0,4.0,4.0,3.25,2.125,4.333,5.0,4.0,4.0,5.0,4.0,4.333,3.625,1.917,4.222,5.0,4.0,4.0,4.667,4.333,76.8,65.6,0.56,0.186,0.192,62.6,49.6,0.576,0.222,0.292,77.6,66.2,0.337,0.206,0.28,72.333,60.467,0.491,0.204,0.255,groupc,0.644
4815918,4.0,2.75,2.75,4.0,4.333,5.0,4.0,5.0,4.0,5.0,2.875,1.75,4.667,4.0,5.0,5.0,5.0,4.0,5.0,2.75,1.5,5.0,4.667,5.0,5.0,5.0,5.0,4.667,2.792,2.0,4.556,4.333,5.0,4.667,5.0,4.333,60.4,120.8,0.234,0.161,0.207,79.6,51.0,0.288,0.116,0.179,73.75,41.0,0.401,0.181,0.194,71.667,65.944,0.307,0.153,0.194,groupc,0.468
4921532,4.0,2.75,1.0,2.0,4.667,2.0,3.0,2.0,2.0,4.0,2.25,1.0,2.0,4.667,2.0,2.0,3.0,2.0,5.0,2.5,1.0,3.333,5.0,3.0,4.0,4.0,3.0,4.333,2.5,1.0,2.444,4.778,2.333,3.0,3.0,2.333,60.125,36.5,0.533,0.177,0.211,77.4,45.6,0.538,0.337,0.253,80.0,38.4,0.37,0.357,0.247,70.444,39.556,0.48,0.29,0.237,groupc,0.72
4923339,5.0,3.625,1.5,5.0,4.667,5.0,5.0,5.0,5.0,4.0,3.125,1.5,4.0,4.333,5.0,4.0,5.0,4.0,4.0,3.125,1.75,4.0,4.667,4.0,4.0,5.0,5.0,4.333,3.292,1.583,4.333,4.556,4.667,4.333,5.0,4.667,59.8,34.8,0.54,0.267,0.163,66.0,43.6,0.442,0.222,0.173,82.2,59.2,0.421,0.224,0.38,69.333,45.867,0.468,0.237,0.239,groupa,0.649
4999612,4.0,2.25,1.125,4.667,4.0,3.0,3.0,5.0,3.0,4.0,2.25,1.375,4.0,4.667,3.0,4.0,4.0,3.0,5.0,3.375,1.5,4.667,5.0,4.0,4.0,4.0,4.0,4.333,2.625,1.333,4.445,4.556,3.333,3.667,4.333,3.333,59.4,44.8,0.669,0.399,0.506,72.4,12.4,0.194,0.209,0.036,61.4,13.2,0.467,0.295,0.172,64.4,23.467,0.443,0.301,0.238,groupb,0.55
5012138,3.0,4.0,2.75,4.0,4.667,2.0,4.0,4.0,4.0,2.0,4.5,2.5,2.667,5.0,3.0,2.0,2.0,2.0,4.0,2.875,4.0,4.0,5.0,4.0,3.0,5.0,4.0,3.0,3.792,3.083,3.556,4.889,3.0,3.0,3.667,3.333,49.6,23.2,0.766,0.069,0.065,60.6,19.8,0.484,0.096,0.085,65.6,24.0,0.521,0.092,0.108,58.6,22.333,0.591,0.086,0.086,groupb,0.471
5024777,4.0,3.0,1.75,4.0,4.667,4.0,3.0,4.0,5.0,3.0,2.0,1.25,2.667,4.0,4.0,2.0,4.0,4.0,2.0,1.875,1.375,3.0,4.0,3.0,1.0,4.0,2.0,3.0,2.292,1.458,3.222,4.222,3.667,2.0,4.0,3.667,67.0,32.0,0.305,0.159,0.108,68.6,46.6,0.259,0.223,0.178,62.2,43.2,0.453,0.102,0.185,65.933,40.6,0.339,0.161,0.157,groupb,0.605
5054908,2.0,4.5,1.75,2.0,3.333,2.0,2.0,4.0,2.0,5.0,3.125,1.5,5.0,4.667,5.0,5.0,5.0,5.0,4.0,3.125,1.25,4.333,4.0,4.0,3.0,4.0,4.0,3.667,3.583,1.5,3.778,4.0,3.667,3.333,4.333,3.667,81.2,36.2,0.347,0.203,0.247,73.6,47.4,0.4,0.214,0.224,85.889,47.333,0.606,0.331,0.344,81.421,44.421,0.451,0.249,0.272,groupc,0.659
5109125,5.0,2.875,2.875,4.667,5.0,4.0,5.0,5.0,5.0,5.0,3.25,2.375,4.0,5.0,4.0,4.0,4.0,4.0,4.0,3.25,1.375,4.0,5.0,4.0,4.0,5.0,5.0,4.667,3.125,2.208,4.222,5.0,4.0,4.333,4.667,4.667,53.4,29.8,0.302,0.062,0.082,56.75,41.25,0.613,0.155,0.124,53.0,16.6,0.321,0.14,0.123,54.214,28.357,0.412,0.119,0.11,groupc,0.457
5134695,4.0,4.0,2.0,4.0,5.0,4.0,3.0,4.0,4.0,5.0,4.625,1.875,4.667,4.667,5.0,4.0,5.0,5.0,5.0,4.625,1.25,4.0,5.0,4.0,3.0,5.0,4.0,4.667,4.417,1.708,4.222,4.889,4.333,3.333,4.667,4.333,60.2,38.6,0.61,0.222,0.298,82.2,64.0,0.393,0.204,0.177,66.4,42.4,0.587,0.064,0.237,69.6,48.333,0.53,0.164,0.237,groupb,0.609
5138531,5.0,2.625,3.625,1.333,3.667,2.0,5.0,5.0,2.0,5.0,2.75,4.625,4.333,2.333,2.0,4.0,1.0,2.0,3.0,2.0,4.625,1.0,3.333,1.0,1.0,2.0,1.0,4.333,2.458,4.292,2.222,3.111,1.667,3.333,2.667,1.667,46.6,43.8,0.658,0.156,0.254,64.4,51.0,0.46,0.093,0.407,65.4,46.8,0.526,0.147,0.348,58.8,47.2,0.548,0.132,0.336,groupc,0.669
5162881,5.0,3.0,1.25,5.0,4.667,5.0,5.0,5.0,5.0,5.0,3.75,1.5,3.333,4.333,4.0,4.0,4.0,5.0,5.0,2.75,1.125,5.0,5.0,5.0,4.0,4.0,5.0,5.0,3.167,1.292,4.444,4.667,4.667,4.333,4.333,5.0,63.0,34.4,0.49,0.164,0.088,59.6,30.2,0.235,0.165,0.078,62.6,49.8,0.411,0.027,0.06,61.733,38.133,0.379,0.119,0.076,groupb,0.568
5196867,4.0,3.125,3.375,5.0,3.333,3.0,4.0,3.0,4.0,3.0,2.625,3.0,3.333,5.0,4.0,3.0,4.0,4.0,3.0,2.75,3.125,3.0,4.667,2.0,3.0,3.0,2.0,3.333,2.833,3.167,3.778,4.333,3.0,3.333,3.333,3.333,48.6,41.6,0.507,0.227,0.293,80.2,52.8,0.599,0.197,0.125,77.0,57.4,0.382,0.307,0.324,68.6,50.6,0.496,0.244,0.247,groupc,0.314
5208842,5.0,2.0,1.375,5.0,5.0,5.0,4.0,5.0,5.0,4.0,3.125,1.5,4.0,4.333,4.0,3.0,4.0,4.0,5.0,3.875,1.0,5.0,5.0,5.0,4.0,5.0,5.0,4.667,3.0,1.292,4.667,4.778,4.667,3.667,4.667,4.667,70.0,46.6,0.292,0.181,0.297,77.25,36.75,0.18,0.162,0.25,76.8,36.8,0.517,0.305,0.246,74.5,40.286,0.33,0.216,0.264,groupc,0.675
5218071,4.0,2.5,1.125,5.0,5.0,4.0,3.0,4.0,3.0,4.0,2.0,1.0,4.667,5.0,4.0,3.0,3.0,2.0,3.0,3.25,1.125,3.0,3.667,2.0,2.0,2.0,1.0,3.667,2.583,1.083,4.222,4.556,3.333,2.667,3.0,2.0,68.6,25.4,0.634,0.34,0.291,76.0,37.8,0.456,0.083,0.265,76.0,51.4,0.533,0.299,0.433,73.533,38.2,0.541,0.241,0.33,groupc,0.675
5231896,5.0,3.375,2.125,5.0,5.0,5.0,5.0,5.0,5.0,5.0,4.125,1.375,4.667,5.0,4.0,5.0,5.0,5.0,5.0,4.875,1.25,5.0,5.0,5.0,5.0,5.0,5.0,5.0,4.125,1.583,4.889,5.0,4.667,5.0,5.0,5.0,63.0,43.8,0.263,0.219,0.253,82.6,53.2,0.338,0.211,0.359,76.2,59.4,0.373,0.147,0.312,73.933,52.133,0.325,0.192,0.308,groupb,0.645
5261619,5.0,4.0,1.625,5.0,5.0,5.0,5.0,5.0,5.0,4.0,3.625,1.25,5.0,5.0,5.0,5.0,5.0,5.0,5.0,4.0,1.625,5.0,5.0,5.0,5.0,5.0,5.0,4.667,3.875,1.5,5.0,5.0,5.0,5.0,5.0,5.0,71.6,75.4,0.527,0.389,0.376,77.6,72.4,0.581,0.171,0.147,88.4,102.8,0.517,0.223,0.35,79.2,83.533,0.542,0.261,0.291,groupc,0.711
5289773,4.0,3.125,1.5,2.0,4.667,2.0,4.0,4.0,2.0,5.0,3.0,1.5,4.0,4.667,4.0,5.0,5.0,4.0,4.0,3.375,1.0,5.0,5.0,5.0,5.0,5.0,4.0,4.333,3.167,1.333,3.667,4.778,3.667,4.667,4.667,3.333,34.2,22.0,0.7,0.222,0.125,79.6,32.0,0.392,0.156,0.13,93.2,25.8,0.432,0.367,0.182,69.0,26.6,0.508,0.248,0.146,groupc,0.595
5348603,4.0,2.75,1.125,4.667,4.0,4.0,4.0,4.0,3.0,4.0,2.25,1.125,4.333,4.333,4.0,3.0,4.0,4.0,4.0,2.0,1.0,4.333,4.667,4.0,4.0,4.0,4.0,4.0,2.333,1.083,4.444,4.333,4.0,3.667,4.0,3.667,69.4,21.0,0.39,0.254,0.115,71.0,12.4,0.651,0.086,0.258,62.6,14.8,0.261,0.196,0.326,67.667,16.067,0.434,0.179,0.233,groupc,0.607
5372982,5.0,5.375,1.0,5.0,5.0,5.0,5.0,5.0,5.0,5.0,4.625,1.0,5.0,5.0,5.0,5.0,5.0,5.0,5.0,5.0,1.0,5.0,5.0,5.0,5.0,5.0,5.0,5.0,5.0,1.0,5.0,5.0,5.0,5.0,5.0,5.0,73.0,53.6,0.447,0.152,0.138,73.4,64.0,0.46,0.15,0.13,81.0,59.833,0.455,0.329,0.27,76.125,59.188,0.454,0.21,0.18,groupc,0.637
5479130,4.0,2.5,2.0,4.667,4.0,4.0,3.0,5.0,4.0,2.0,1.0,2.25,2.667,3.0,2.0,3.0,3.0,1.0,4.0,2.875,1.0,4.0,4.667,5.0,2.0,4.0,4.0,3.333,2.125,1.75,3.778,3.889,3.667,2.667,4.0,3.0,33.6,14.2,0.386,0.134,0.126,54.4,17.4,0.201,0.141,0.315,51.0,24.2,0.294,0.044,0.08,46.333,18.6,0.294,0.106,0.174,groupa,0.473
5517900,3.0,1.875,1.375,4.0,5.0,5.0,4.0,5.0,3.0,5.0,1.375,2.125,5.0,5.0,5.0,5.0,5.0,4.0,5.0,3.5,1.0,4.333,5.0,4.0,4.0,5.0,4.0,4.333,2.25,1.5,4.444,5.0,4.667,4.333,5.0,3.667,35.4,21.0,0.377,0.088,0.176,60.4,18.0,0.549,0.317,0.288,58.0,30.6,0.517,0.208,0.328,51.267,23.2,0.481,0.204,0.264,groupa,0.637
5596175,4.0,2.5,2.0,4.0,4.0,4.0,4.0,4.0,4.0,4.0,1.0,1.0,4.0,4.0,4.0,4.0,4.0,4.0,4.0,1.0,1.0,4.0,4.0,4.0,4.0,4.0,4.0,4.0,1.5,1.333,4.0,4.0,4.0,4.0,4.0,4.0,45.2,9.2,0.29,0.129,0.195,54.0,17.6,0.421,0.119,0.09,41.2,18.4,0.251,0.218,0.616,46.8,15.067,0.321,0.155,0.3,groupa,0.568
5612737,5.0,3.125,1.75,4.333,5.0,4.0,5.0,5.0,4.0,5.0,2.75,1.0,5.0,5.0,5.0,5.0,4.0,4.0,5.0,1.5,4.125,5.0,5.0,5.0,5.0,4.0,5.0,5.0,2.458,2.292,4.778,5.0,4.667,5.0,4.333,4.333,64.833,21.833,0.451,0.216,0.051,66.0,51.8,0.449,0.161,0.104,69.2,25.6,0.5,0.145,0.081,66.562,32.375,0.467,0.174,0.079,groupb,0.611
5616595,4.0,1.5,3.25,3.0,4.0,4.0,5.0,4.0,3.0,5.0,2.25,2.875,4.333,5.0,4.0,4.0,4.0,4.0,4.0,3.25,1.75,3.667,4.667,5.0,5.0,4.0,5.0,4.333,2.333,2.625,3.667,4.556,4.333,4.667,4.0,4.0,56.8,48.0,0.304,0.173,0.225,86.4,63.6,0.335,0.142,0.235,79.8,82.4,0.554,0.055,0.141,74.333,64.667,0.398,0.123,0.2,groupa,0.581
5664835,4.0,5.0,3.375,3.667,5.0,4.0,2.0,4.0,4.0,3.0,3.25,1.125,4.667,4.667,5.0,4.0,5.0,4.0,4.0,4.625,2.0,2.667,5.0,2.0,2.0,4.0,2.0,3.667,4.292,2.167,3.667,4.889,3.667,2.667,4.333,3.333,83.6,71.2,0.414,0.228,0.127,71.8,40.4,0.546,0.08,0.148,70.8,47.6,0.514,0.109,0.093,75.4,53.067,0.491,0.139,0.122,groupc,0.574
5704605,4.0,3.375,4.0,4.0,4.333,4.0,5.0,5.0,4.0,5.0,3.375,4.5,4.667,4.333,5.0,5.0,5.0,5.0,4.0,4.25,4.0,3.0,4.0,3.0,3.0,4.0,2.0,4.333,3.667,4.167,3.889,4.222,4.0,4.333,4.667,3.667,47.6,26.8,0.441,0.119,0.092,46.0,21.0,0.34,0.155,0.301,58.6,19.0,0.445,0.079,0.168,50.733,22.267,0.409,0.118,0.187,groupb,0.661
5780152,4.0,2.875,2.0,2.667,4.333,4.0,4.0,4.0,4.0,4.0,2.625,2.0,3.0,4.667,4.0,4.0,4.0,4.0,4.0,2.375,2.125,3.333,4.667,4.0,4.0,4.0,4.0,4.0,2.625,2.042,3.0,4.556,4.0,4.0,4.0,4.0,69.4,38.4,0.369,0.118,0.041,62.3,43.0,0.679,0.136,0.159,75.6,53.4,0.492,0.187,0.149,67.4,44.45,0.513,0.147,0.116,groupb,0.559
5859850,4.0,2.125,1.25,5.0,4.667,4.0,4.0,4.0,4.0,5.0,1.5,1.0,4.667,4.667,5.0,4.0,5.0,5.0,4.0,1.875,1.0,4.667,5.0,5.0,5.0,5.0,4.0,4.333,1.833,1.083,4.778,4.778,4.667,4.333,4.667,4.333,25.0,8.6,0.304,0.103,0.187,46.4,15.6,0.363,0.095,0.151,45.6,17.6,0.254,0.172,0.139,39.0,13.933,0.307,0.123,0.159,groupa,0.537
5957432,5.0,2.25,1.125,4.333,4.0,5.0,5.0,5.0,5.0,5.0,2.375,1.25,4.0,4.333,4.0,5.0,4.0,5.0,4.0,1.125,1.875,3.667,4.333,4.0,4.0,4.0,4.0,4.667,1.917,1.417,4.0,4.222,4.333,4.667,4.333,4.667,76.0,13.333,0.247,0.383,0.109,56.8,11.8,0.317,0.248,0.044,67.4,21.2,0.324,0.227,0.189,67.312,15.312,0.296,0.286,0.114,groupc,0.485
603644,4.0,1.25,2.625,3.0,4.0,2.0,3.0,3.0,2.0,5.0,1.0,2.25,4.333,4.667,5.0,5.0,4.0,4.0,5.0,2.0,1.0,5.0,4.667,5.0,4.0,4.0,4.0,4.667,1.417,1.958,4.111,4.445,4.0,4.0,3.667,3.333,48.8,15.6,0.444,0.108,0.134,63.0,17.8,0.409,0.105,0.11,71.6,25.8,0.382,0.041,0.1,61.133,19.733,0.412,0.085,0.115,groupb,0.425
707767,5.0,3.875,1.25,5.0,4.333,5.0,5.0,5.0,5.0,5.0,4.125,1.0,3.333,3.667,4.0,4.0,4.0,3.0,3.0,2.75,1.5,2.0,3.667,2.0,2.0,3.0,2.0,4.333,3.583,1.25,3.444,3.889,3.667,3.667,4.0,3.333,52.8,22.6,0.555,0.226,0.129,67.6,28.0,0.612,0.257,0.19,66.0,30.8,0.389,0.205,0.215,62.133,27.133,0.519,0.229,0.178,groupb,0.494
727067,5.0,4.0,1.75,4.333,4.333,4.0,5.0,4.0,4.0,4.0,3.375,2.25,4.667,3.667,4.0,4.0,3.0,3.0,5.0,5.125,2.625,4.333,4.667,5.0,4.0,5.0,4.0,4.667,4.167,2.208,4.444,4.222,4.333,4.333,4.0,3.667,61.4,32.2,0.552,0.139,0.069,62.167,32.833,0.494,0.239,0.229,56.2,44.4,0.513,0.065,0.062,60.062,36.25,0.52,0.148,0.12,groupb,0.524
769122,4.0,2.75,1.375,2.0,4.333,2.0,2.0,4.0,3.0,5.0,2.5,1.25,4.0,4.667,4.0,5.0,5.0,4.0,4.0,2.25,1.0,3.667,4.667,4.0,3.0,4.0,4.0,4.333,2.5,1.208,3.222,4.556,3.333,3.333,4.333,3.667,57.8,48.4,0.424,0.031,0.077,67.2,52.2,0.334,0.207,0.251,68.8,57.2,0.667,0.157,0.268,64.6,52.6,0.475,0.132,0.198,groupb,0.624
776557,2.0,1.125,1.125,2.333,3.667,2.0,2.0,4.0,3.0,1.0,1.0,1.5,2.667,3.0,2.0,2.0,4.0,2.0,1.0,1.0,1.5,1.667,3.0,1.0,1.0,3.0,1.0,1.333,1.042,1.375,2.222,3.222,1.667,1.667,3.667,2.0,57.0,28.8,0.602,0.153,0.099,61.0,33.6,0.641,0.294,0.379,70.2,26.6,0.557,0.259,0.156,62.733,29.667,0.6,0.235,0.211,groupa,0.586
877724,4.0,4.25,1.75,4.0,4.333,3.0,4.0,4.0,4.0,4.0,4.375,2.75,4.0,5.0,4.0,5.0,4.0,5.0,4.0,4.5,2.625,4.333,4.667,5.0,4.0,4.0,4.0,4.0,4.375,2.375,4.111,4.667,4.0,4.333,4.0,4.333,38.0,24.4,0.348,0.267,0.167,66.6,44.8,0.425,0.145,0.23,59.6,29.4,0.271,0.076,0.121,54.733,32.867,0.348,0.163,0.173,groupa,0.628
878721,5.0,3.875,1.125,4.333,5.0,4.0,5.0,5.0,4.0,5.0,3.5,1.125,4.667,5.0,5.0,5.0,5.0,5.0,5.0,2.875,2.125,5.0,5.0,5.0,5.0,5.0,5.0,5.0,3.417,1.458,4.667,5.0,4.667,5.0,5.0,4.667,36.6,28.6,0.494,0.146,0.303,57.0,17.6,0.281,0.015,0.12,61.2,44.4,0.2,0.062,0.096,51.6,30.2,0.325,0.074,0.173,groupa,0.427
94338,5.0,4.0,1.0,4.333,5.0,5.0,4.0,5.0,5.0,5.0,3.375,1.0,4.667,5.0,5.0,5.0,5.0,5.0,5.0,2.75,1.0,4.0,5.0,5.0,5.0,5.0,5.0,5.0,3.375,1.0,4.333,5.0,5.0,4.667,5.0,5.0,60.2,46.8,0.495,0.104,0.174,54.2,29.6,0.382,0.16,0.15,59.0,20.8,0.483,0.13,0.14,57.8,32.4,0.453,0.131,0.154,groupa,0.503
95866,5.0,1.375,3.375,4.667,5.0,4.0,5.0,5.0,5.0,4.0,2.5,1.75,2.0,4.667,1.0,2.0,5.0,2.0,5.0,1.5,1.625,4.333,5.0,5.0,5.0,5.0,5.0,4.667,1.792,2.25,3.667,4.889,3.333,4.0,5.0,4.0,48.2,13.2,0.2,0.134,0.091,68.4,19.6,0.5,0.156,0.123,53.2,23.8,0.353,0.168,0.106,56.6,18.867,0.351,0.153,0.107,groupa,0.516
KoHaRu09,4.0,2.875,2.125,3.333,3.0,4.0,3.0,4.0,4.0,4.0,3.125,2.125,3.667,4.0,5.0,3.0,4.0,4.0,3.0,3.875,2.25,4.333,4.667,4.0,3.0,5.0,4.0,3.667,3.292,2.167,3.778,3.889,4.333,3.0,4.333,4.0,50.4,21.8,0.502,0.034,0.037,60.8,19.2,0.331,0.047,0.059,56.8,16.6,0.174,0.062,0.089,56.0,19.2,0.336,0.047,0.062,groupa,0.36
SGヘルスケア,5.0,3.125,2.125,5.0,4.667,5.0,4.0,5.0,4.0,5.0,2.625,3.5,4.667,5.0,5.0,5.0,5.0,4.0,4.0,4.25,1.25,4.0,5.0,4.0,4.0,5.0,4.0,4.667,3.333,2.292,4.556,4.889,4.667,4.333,5.0,4.0,56.167,18.0,0.472,0.143,0.07,58.0,32.8,0.288,0.107,0.137,64.4,36.8,0.523,0.132,0.218,59.312,28.5,0.428,0.127,0.142,groupa,0.527
Togotogo,4.0,2.625,1.0,4.0,5.0,4.0,4.0,4.0,4.0,5.0,4.5,1.0,5.0,5.0,5.0,5.0,5.0,5.0,4.0,1.5,1.0,5.0,5.0,4.0,4.0,4.0,4.0,4.333,2.875,1.0,4.667,5.0,4.333,4.333,4.333,4.333,39.8,25.6,0.504,0.157,0.206,69.4,36.4,0.596,0.104,0.119,68.2,57.0,0.47,0.179,0.209,59.133,39.667,0.523,0.147,0.178,groupa,0.474
Yuko_office,4.0,3.75,1.0,3.0,3.667,4.0,4.0,4.0,4.0,2.0,2.375,3.375,2.333,2.667,2.0,1.0,3.0,1.0,3.0,2.125,1.625,2.333,3.0,2.0,3.0,4.0,1.0,3.0,2.75,2.0,2.555,3.111,2.667,2.667,3.667,2.0,43.8,15.8,0.382,0.031,0.093,50.6,33.2,0.291,0.087,0.158,60.6,35.6,0.463,0.179,0.214,51.667,28.2,0.379,0.099,0.155,groupa,0.535
acu9751cw,4.0,2.875,2.0,5.0,3.667,4.0,4.0,5.0,4.0,4.0,4.0,2.5,5.0,4.0,4.0,5.0,4.0,4.0,5.0,4.25,1.75,4.333,2.0,4.0,5.0,4.0,4.0,4.333,3.708,2.083,4.778,3.222,4.0,4.667,4.333,4.0,52.0,57.8,0.634,0.149,0.301,83.2,82.2,0.65,0.116,0.207,94.8,86.4,0.379,0.151,0.226,76.667,75.467,0.554,0.139,0.244,groupa,0.644
akimi381,4.0,1.5,3.875,3.667,4.333,4.0,4.0,4.0,4.0,4.0,1.0,4.0,4.0,4.667,4.0,4.0,5.0,4.0,4.0,1.0,4.125,3.0,4.0,3.0,3.0,4.0,3.0,4.0,1.167,4.0,3.556,4.333,3.667,3.667,4.333,3.667,45.0,21.4,0.191,0.159,0.101,60.364,40.364,0.445,0.218,0.153,55.25,18.25,0.364,0.249,0.165,55.458,29.042,0.333,0.209,0.14,groupa,0.591
khi1_b4aa,4.0,3.375,1.0,3.333,4.333,3.0,5.0,4.0,1.0,2.0,2.375,3.375,3.0,4.0,2.0,4.0,3.0,2.0,4.0,2.875,1.75,3.333,3.667,3.0,4.0,3.0,2.0,3.333,2.875,2.042,3.222,4.0,2.667,4.333,3.333,1.667,38.0,28.2,0.248,0.124,0.104,48.8,15.4,0.203,0.231,0.149,53.8,14.8,0.399,0.2,0.019,46.867,19.467,0.284,0.185,0.091,groupa,0.435
makimaki0519,4.0,3.125,1.375,4.667,4.0,4.0,5.0,4.0,5.0,5.0,3.125,1.0,4.667,4.667,5.0,5.0,5.0,4.0,2.0,2.625,1.875,3.333,3.333,2.0,4.0,4.0,2.0,3.667,2.958,1.417,4.222,4.0,3.667,4.667,4.333,3.667,59.6,51.2,0.393,0.155,0.15,58.6,44.0,0.523,0.075,0.181,64.8,41.4,0.413,0.095,0.05,61.0,45.533,0.443,0.108,0.127,groupa,0.566
mo3177chi,5.0,4.5,1.0,4.0,5.0,4.0,4.0,5.0,5.0,5.0,4.5,1.0,4.0,5.0,4.0,5.0,4.0,4.0,4.0,4.25,1.0,3.0,5.0,4.0,4.0,5.0,4.0,4.667,4.417,1.0,3.667,5.0,4.0,4.333,4.667,4.333,43.4,16.6,0.405,0.278,0.172,46.167,15.667,0.347,0.306,0.379,47.4,16.0,0.246,0.079,0.165,45.688,16.062,0.333,0.221,0.238,groupa,0.531
mor2kir1500,3.0,2.375,1.75,4.333,4.333,3.0,3.0,4.0,3.0,4.0,1.625,1.875,4.667,4.667,4.0,5.0,5.0,3.0,4.0,1.25,1.0,3.667,5.0,5.0,5.0,5.0,3.0,3.667,1.75,1.542,4.222,4.667,4.0,4.333,4.667,3.0,46.8,15.4,0.417,0.101,0.242,60.8,38.8,0.5,0.177,0.369,58.2,40.8,0.463,0.033,0.288,55.267,31.667,0.46,0.104,0.3,groupa,0.564
naotok24,4.0,2.125,2.75,4.0,3.333,4.0,4.0,5.0,5.0,4.0,2.125,3.375,3.333,3.333,4.0,4.0,5.0,5.0,4.0,1.625,4.125,4.0,4.0,4.0,4.0,5.0,4.0,4.0,1.958,3.417,3.778,3.555,4.0,4.0,5.0,4.667,30.4,17.8,0.261,0.063,0.247,42.6,10.4,0.44,0.131,0.252,40.6,16.6,0.334,0.239,0.12,37.867,14.933,0.345,0.144,0.206,groupa,0.523
quartet456,5.0,2.625,2.625,5.0,5.0,3.0,5.0,3.0,4.0,5.0,3.375,2.25,5.0,5.0,5.0,5.0,3.0,4.0,5.0,3.375,2.375,5.0,5.0,4.0,5.0,3.0,5.0,5.0,3.125,2.417,5.0,5.0,4.0,5.0,3.0,4.333,66.8,63.4,0.451,0.129,0.088,78.6,54.8,0.439,0.009,0.082,91.6,73.8,0.576,0.046,0.327,79.0,64.0,0.489,0.061,0.166,groupa,0.536
rdkny933,5.0,1.375,1.0,3.333,4.333,5.0,5.0,5.0,5.0,4.0,1.0,1.0,2.667,4.0,4.0,4.0,4.0,4.0,4.0,1.0,1.0,3.333,4.0,4.0,4.0,4.0,3.0,4.333,1.125,1.0,3.111,4.111,4.333,4.333,4.333,4.0,58.333,23.667,0.328,0.126,0.0,60.2,23.6,0.411,0.203,0.061,53.8,23.4,0.391,0.119,0.025,57.5,23.562,0.377,0.149,0.028,groupa,0.54
shigenoi,4.0,3.5,2.25,4.0,4.333,5.0,5.0,4.0,3.0,4.0,2.5,2.875,4.667,4.333,5.0,4.0,5.0,4.0,5.0,2.5,1.875,5.0,4.667,5.0,5.0,4.0,5.0,4.333,2.833,2.333,4.556,4.444,5.0,4.667,4.333,4.0,36.0,19.8,0.399,0.064,0.211,58.6,27.6,0.413,0.119,0.246,63.8,25.4,0.28,0.075,0.16,52.8,24.267,0.364,0.086,0.205,groupa,0.555
tamachi3,4.0,3.0,1.125,3.333,4.333,4.0,3.0,5.0,3.0,4.0,2.125,1.5,3.333,4.0,5.0,4.0,4.0,3.0,3.0,2.375,1.25,4.0,4.0,3.0,4.0,3.0,3.0,3.667,2.5,1.292,3.555,4.111,4.0,3.667,4.0,3.0,36.0,18.8,0.386,0.049,0.195,59.2,15.2,0.3,0.127,0.092,59.0,19.8,0.281,0.163,0.288,51.4,17.933,0.322,0.113,0.192,groupa,0.495
ys15_cw,5.0,4.125,1.125,5.0,5.0,5.0,5.0,5.0,5.0,5.0,2.875,1.875,5.0,4.333,4.0,5.0,5.0,5.0,5.0,2.875,2.5,4.667,5.0,5.0,4.0,4.0,5.0,5.0,3.292,1.833,4.889,4.778,4.667,4.667,4.667,5.0,52.8,31.4,0.625,0.102,0.171,93.2,39.2,0.369,0.098,0.186,72.6,23.8,0.512,0.173,0.122,72.867,31.467,0.502,0.124,0.16,groupa,0.575
yume43,1.0,2.25,1.0,5.0,3.667,5.0,5.0,5.0,5.0,4.0,2.625,1.0,5.0,3.667,4.0,5.0,5.0,5.0,5.0,3.5,1.0,5.0,5.0,5.0,5.0,5.0,5.0,3.333,2.792,1.0,5.0,4.111,4.667,5.0,5.0,5.0,34.4,14.4,0.249,0.149,0.142,41.4,5.2,0.168,0.156,0.116,56.6,8.6,0.476,0.028,0.014,44.133,9.4,0.298,0.111,0.091,groupa,0.384
にゃすも,4.0,3.75,1.25,3.667,4.0,4.0,4.0,4.0,3.0,3.0,3.375,1.0,4.0,4.0,4.0,4.0,3.0,2.0,4.0,3.625,1.0,4.0,4.0,4.0,4.0,4.0,2.0,3.667,3.583,1.083,3.889,4.0,4.0,4.0,3.667,2.333,49.9,19.9,0.283,0.327,0.141,61.0,14.833,0.46,0.213,0.198,57.5,23.167,0.254,0.236,0.104,55.0,19.409,0.333,0.259,0.148,groupa,0.463
